0,1,0,0,0,Text Based Adventure Game by Harry Ward
1,1,23,1,2,You quickly say goodbye to your family and pack up some basic supplies. You then step outside your house onto the dirt road! Will you head [East] to the city or [West] to the castle?
2,2,2,4,3,A long dirt track leads you further [West] and a the end you can just about make out the outline of the castle! As you confidently stride down the path you spot a hooded figure lying under a tree - will you go [South] off the path to greet them?
3,3,3,8,7,You finally arrive at the castle - the walls partially destroyed and scorch marks everywhere. Will you cautiously sneak in through a gap in the wall to the [West] or continue [South] through the gate to a courtyard?
4,4,5,6,4,As you hail the person they remove their hood to reveal a long white beard with many golden rings - it's a harmless old man! Will you attempt to rob him [East] or ask him for advice about the castle? [South]
5,3,5,5,5,When you demand the rings you feel a bad omen come over you as the old man turns into a dark mist!
6,3,6,6,6,The old man laughs and tells you of a young prince cursed by a witch. But before the prince could find the witch to reconcile a huge dragon ate them sealing his fate. He gives you a map of the castle and sends you on your way
7,7,8,7,9,The broken wall leads into a long corridor. A sign tells you that this is the west wing of the castle. At the end on a plinth is a flower floating in a jar. Will you remove the jar [West] or leave it be and move outside [East]?
8,22,12,16,18,The courtyard is littered with empty suits of armour with a singular skeleton resting on what looks like a large severed tail. To the [South] there lies a giant creator which lead down into the dungeons and a tall spiral tower to the [East]. Will you investigate one of these locations or inspect the skeleton [West]? To exit the castle go [North]
9,10,9,11,9,As you raise the glass jar - a beast appears! If you know of the story of the castle press [North] else press [South]
10,8,10,10,10,You quickly shout that you can help the beast before it gets close. You tell it you know its story and a tear leaks from its eyes. Suddenly the map you were given glows and magic markings appear as the beast slowly transforms back into the prince! He thanks you for lifting  his curse and gives you the magical flower.
11,0,0,0,0,You quickly dart away but the beast is fast! You quickly get lost in the vast chambers of the castle and panic. It seems your adventure is over [Game Over]
12,12,13,14,12,You begin to climb the long spiral stairs -  many pieces of art line the walls. Will you continue upwards [South] or stop to examine one? [East]
13,21,13,13,13,As you admire the artwork you notice a small button below on piece. Pressing it causes a large picture to swing forward revealing a hidden path!
14,14,26,15,14,You reach the top to find the throne room - but standing guard is a knight in armour with a longsword! If you have helped the prince go [East] else go [South]
15,8,15,15,15,It seems as though the knight would not let you pass so you decide to head back down
16,8,17,16,16,The dungeons are dimly lit and most cells are empty say for a few rats. As you go deeper the temperature rises and strange noises can be heard! Will you turn back [North] or continue down [East]
17,0,0,0,0,As you go down the steep stairs you trip and fall. You hit your head and when you come to find yourself looking directly at a dragon! Looks like you adventure is over [Game Over]
18,18,19,18,20,As you approach the skeleton you swear you catch a glint from one of the empty eye sockets. Will you turn back [North] - try to take its armour [East] or tell it a joke [West]
19,8,19,19,19,The armour has been virtually welded to the bones and serves no aid for you so you head back
20,8,20,20,20,You tell the skeleton a bad joke and you swear you could hear a faint laugh. It's lower jaw suddenly falls off and a key falls to the ground! You grab it and head back
21,34,21,21,21,You head down the hidden path - it seems to last forever. Eventually you come upon a cave with a underground lake. You drink some of it's water and move on towards a distant light
22,34,22,22,22,You exit out a  side exit of the castle and see a trail leading into some sandy dunes so you press on.
23,24,25,23,23,A straight paved road lead directly east to the city! You make good progress when you see a horse and carriage which seems to have crashed! Will you head off the road to inspect it [North] or carry on to the city [East]
24,25,24,24,24,You approach the vehicle and a burly man greets you. He tells you that he is a merchant but one of the wheels from his cart had broken. You help the man push his cart back onto the road and he thanks you for your help. He gives you a few coins for your troubles.
25,25,27,28,29,You approach the front gates and enter a large open area. On a row of streets you can see a tavern [East] - in the middle sits the town hall [South] or a bustling market [South] - which will you visit?
26,21,26,26,26,The knight hears you story and is grateful you helped the prince. He gives you his longsword and shows you a secret passage
27,27,32,27,27,Before you can even step inside the tavern you feel a firm hand on your shoulder. The city guards ask you for your ID but having none they escort you into the station and promptly shove you in a cell.
28,28,31,28,28,You approach a massive building with grand pillars erupting from the ground made of glistening white marble. Outside stands what looks to be a important figure giving a speech
29,29,29,33,30,A friendly shop keeper waves you down and offers to show you his wears. 2 items stand out to you - a glowing sword or a dark shield: will you buy one [South] or choose to go deeper into the market [West]
30,30,30,30,21,Going deeper you turn into a dark alley. Turning around you realise that you are surrounded by goblins! Thinking quickly you slip past one and down a hidden path
31,32,31,31,31,The big booming voice you were hearing seems to be coming from a small portly man with greasy hair. You think to yourself how lucky you are not to have a mayor like this in your small village. But even as you think this he yells to the guards to arrest you - he must be a psychic mindreader!
32,32,33,32,32,The dank prison cell smelt awful and rats are everywhere! However you can see that one of the bars has become loose so you quickly worm your way to freedom.
33,33,33,34,33,You walk briskly out the city gates trying not to catch any attention and find yourself on a sandy trail.
34,34,35,34,36,As you walk further along the sandy path the trees and bushes give way to a vast expanse of sand! You start to feel very thirsty - but you can see something glistening in the distance! If you drank fom the underground lake go [West] else go [East]
35,35,35,38,35,As you approach the glistening you thought was water - it disappears! Seems you were tricked by a mirage  so you continue [South]  even thirstier
36,36,36,36,37,As you approach the glistening you close your eyes for a moment. You can only think of water - and then you feel something strange. When you open your eyes again - a massive pool water has materialised in front of you! Will you drink it [West] or ignore the lake [South]
37,37,37,38,37,You drink the mystical water and find it refreshing! You move onward [South]
38,38,38,39,38,After a seemingly endless time of struggling through the sand - you spot the sea! You run happily towards the nearest settlement a port city [South]
39,39,40,42,39,Once in the city you head to the docks to view the ocean. In the distance you can see the island where the Evil king resides. The dock houses two ships - which will you ask for help from? A royal frigate [South] or a ship with ragged sails [East]
40,40,41,40,40,The crew welcomes you aboard with a drink but once you set sail you learn a secret - they are all pirates! Once the sun starts to set the ship starts to rock to the side and you catch a glimpse of a giant tentacle smash into the ship before you are knocked out [East]
41,41,41,42,41,You come to on the shore of the island where the wreckage of the ship is strewn along it. You see a chest peeking out the sand and take some of the treasure. Seeing no survivors you head on [South]
42,42,43,44,46,With your sailing adventure concluded you head inland towards a dark forest. Inside there is a fork in the path. If you have the glowing sword perhaps it will light a way [West] or you can head straight on [South] or go down a side path [East]
43,43,43,45,43,The side path leads to an old hut. Inside you can see a skeleton of a witch. You search the hut but find nothing of value so head on [South]
44,44,45,44,44,The forest leads you into a open area filled with giant white inter crossing string. You've wondered into a giant spiders nest! After defeating them you head [East]
45,45,45,47,45,After leaving the dark forest behind you see the mountains that make up the evil kings base of operations! You struggle up the side of a mountain and locate the volcano where he must be!
46,46,46,47,46,An Image of pure light bursts from the sword and tells you that he is its creator. After telling him of your quest he opens a portal leading straight into the kings lair! Quickly thanking him you step through and brace yourself.
47,47,48,47,49,The evil king jumps to his feet not expecting to have been found so quickly! You draw your weapon and the battle begins!
48,0,0,0,0,Your weapon clatters to the floor as you stand exhausted in front of the evil king. With a menacing grin he raises his sword and strikes you down [Game Over]
49,50,50,50,50,The evil king lies slain at your feet and you feel the release of his dark magic on the people and let out a cheer! [Game Win]
50,0,0,0,0,Congrats on beating the game! Play again to explore more routes and get a new high score!